Transaction_ID,Item
T0001,Coffee
T0002,Coffee
T0002,Donut
T0003,Newspaper
T0003,Phone_Charger
T0003,Chips
T0004,Newspaper
T0005,Coffee
T0005,Energy_Drink
T0006,Coffee
T0006,Donut
T0006,Newspaper
T0007,Phone_Charger
T0007,Gum
T0008,Phone_Charger
T0009,Sandwich
T0009,Chips
T0010,Energy_Drink
T0010,Chips
T0011,Coffee
T0011,Donut
T0011,Newspaper
T0012,Donut
T0013,Coffee
T0013,Donut
T0013,Newspaper
T0013,Sandwich
T0014,Phone_Charger
T0015,Sandwich
T0015,Gum
T0016,Donut
T0016,Phone_Charger
T0016,Chips
T0017,Chips
T0018,Coffee
T0019,Coffee
T0019,Donut
T0019,Newspaper
T0019,Chips
T0020,Coffee
T0020,Newspaper
T0021,Phone_Charger
T0022,Coffee
T0022,Donut
T0022,Newspaper
T0023,Phone_Charger
T0024,Phone_Charger
T0025,Coffee
T0025,Donut
T0025,Newspaper
T0026,Coffee
T0026,Donut
T0027,Sandwich
T0027,Chips
T0028,Phone_Charger
T0029,Coffee
T0029,Newspaper
T0030,Coffee
T0030,Chips
T0031,Sandwich
T0031,Chips
T0032,Coffee
T0032,Energy_Drink
T0032,Sandwich
T0032,Chips
T0032,Gum
T0033,Energy_Drink
T0034,Coffee
T0035,Chips
T0036,Coffee
T0037,Energy_Drink
T0037,Sandwich
T0037,Gum
T0038,Coffee
T0038,Sandwich
T0039,Sandwich
T0039,Chips
T0039,Gum
T0040,Energy_Drink
T0040,Chips
T0040,Gum
T0041,Coffee
T0041,Donut
T0041,Newspaper
T0042,Phone_Charger
T0043,Coffee
T0043,Newspaper
T0044,Donut
T0044,Chips
T0044,Gum
T0045,Coffee
T0045,Sandwich
T0045,Chips
T0046,Coffee
T0046,Newspaper
T0047,Coffee
T0047,Donut
T0047,Newspaper
T0048,Coffee
T0048,Donut
T0048,Newspaper
T0048,Sandwich
T0049,Coffee
T0049,Donut
T0049,Newspaper
T0049,Sandwich
T0050,Gum
T0051,Donut
T0051,Newspaper
T0052,Donut
T0052,Sandwich
T0052,Chips
T0053,Newspaper
T0054,Phone_Charger
T0054,Energy_Drink
T0054,Sandwich
T0054,Chips
T0055,Donut
T0055,Sandwich
T0056,Phone_Charger
T0056,Energy_Drink
T0057,Coffee
T0057,Donut
T0057,Newspaper
T0057,Gum
T0058,Energy_Drink
T0058,Sandwich
T0059,Coffee
T0059,Newspaper
T0060,Phone_Charger
T0060,Energy_Drink
T0061,Coffee
T0061,Donut
T0061,Newspaper
T0062,Sandwich
T0063,Sandwich
T0063,Chips
T0064,Chips
T0065,Coffee
T0066,Coffee
T0066,Donut
T0066,Sandwich
T0067,Coffee
T0067,Donut
T0067,Newspaper
T0067,Energy_Drink
T0068,Coffee
T0068,Sandwich
T0068,Chips
T0069,Sandwich
T0069,Chips
T0070,Coffee
T0070,Donut
T0071,Donut
T0072,Coffee
T0072,Newspaper
T0073,Sandwich
T0073,Chips
T0074,Coffee
T0074,Donut
T0074,Newspaper
T0075,Coffee
T0075,Phone_Charger
T0075,Chips
T0076,Donut
T0077,Coffee
T0077,Newspaper
T0078,Phone_Charger
T0079,Sandwich
T0079,Chips
T0079,Gum
T0080,Coffee
T0080,Donut
T0080,Newspaper
T0081,Phone_Charger
T0081,Energy_Drink
T0081,Chips
T0082,Coffee
T0082,Donut
T0082,Newspaper
T0082,Gum
T0083,Sandwich
T0083,Chips
T0084,Coffee
T0084,Newspaper
T0085,Coffee
T0085,Donut
T0085,Newspaper
T0085,Sandwich
T0086,Coffee
T0086,Donut
T0087,Newspaper
T0088,Gum
T0089,Coffee
T0089,Donut
T0090,Phone_Charger
T0091,Phone_Charger
T0091,Chips
T0092,Coffee
T0092,Donut
T0092,Newspaper
T0093,Sandwich
T0093,Chips
T0094,Coffee
T0094,Donut
T0095,Coffee
T0095,Donut
T0095,Newspaper
T0096,Sandwich
T0096,Chips
T0096,Gum
T0097,Coffee
T0097,Newspaper
T0098,Energy_Drink
T0099,Sandwich
T0099,Chips
T0100,Sandwich
T0101,Energy_Drink
T0101,Sandwich
T0101,Chips
T0102,Coffee
T0103,Coffee
T0103,Donut
T0103,Newspaper
T0104,Sandwich
T0104,Chips
T0105,Coffee
T0105,Donut
T0105,Newspaper
T0106,Coffee
T0106,Donut
T0106,Newspaper
T0106,Gum
T0107,Coffee
T0108,Coffee
T0108,Donut
T0108,Gum
T0109,Chips
T0110,Coffee
T0110,Donut
T0111,Coffee
T0111,Sandwich
T0112,Coffee
T0112,Donut
T0113,Chips
T0114,Coffee
T0114,Energy_Drink
T0114,Chips
T0114,Gum
T0115,Chips
T0116,Sandwich
T0116,Chips
T0116,Gum
T0117,Sandwich
T0117,Chips
T0118,Coffee
T0119,Donut
T0119,Chips
T0120,Phone_Charger
T0121,Chips
T0122,Coffee
T0122,Newspaper
T0122,Gum
T0123,Donut
T0123,Gum
T0124,Donut
T0124,Newspaper
T0125,Sandwich
T0125,Chips
T0126,Sandwich
T0126,Chips
T0127,Phone_Charger
T0128,Gum
T0129,Newspaper
T0130,Phone_Charger
T0131,Donut
T0131,Newspaper
T0131,Gum
T0132,Coffee
T0132,Donut
T0133,Newspaper
T0133,Energy_Drink
T0134,Donut
T0134,Energy_Drink
T0135,Coffee
T0135,Sandwich
T0136,Coffee
T0136,Energy_Drink
T0136,Sandwich
T0136,Chips
T0137,Coffee
T0138,Energy_Drink
T0139,Coffee
T0139,Energy_Drink
T0139,Chips
T0140,Donut
T0141,Coffee
T0141,Donut
T0141,Newspaper
T0142,Coffee
T0142,Donut
T0142,Newspaper
T0143,Chips
T0144,Newspaper
T0144,Sandwich
T0144,Chips
T0144,Gum
T0145,Coffee
T0145,Newspaper
T0146,Coffee
T0146,Donut
T0147,Newspaper
T0147,Sandwich
T0147,Chips
T0148,Chips
T0149,Coffee
T0149,Newspaper
T0150,Coffee
T0150,Chips
T0151,Phone_Charger
T0152,Donut
T0152,Newspaper
T0153,Coffee
T0153,Donut
T0153,Newspaper
T0154,Newspaper
T0154,Sandwich
T0155,Coffee
T0156,Sandwich
T0157,Sandwich
T0157,Chips
T0157,Gum
T0158,Phone_Charger
T0158,Gum
T0159,Donut
T0160,Coffee
T0160,Newspaper
T0160,Energy_Drink
T0160,Chips
T0160,Gum
T0161,Coffee
T0161,Sandwich
T0162,Newspaper
T0162,Sandwich
T0162,Chips
T0163,Energy_Drink
T0163,Sandwich
T0164,Coffee
T0164,Gum
T0165,Coffee
T0165,Donut
T0165,Newspaper
T0166,Coffee
T0166,Newspaper
T0167,Coffee
T0167,Newspaper
T0168,Newspaper
T0169,Coffee
T0169,Newspaper
T0170,Phone_Charger
T0171,Coffee
T0171,Donut
T0171,Newspaper
T0171,Phone_Charger
T0172,Coffee
T0172,Donut
T0172,Newspaper
T0172,Chips
T0173,Gum
T0174,Coffee
T0175,Coffee
T0175,Donut
T0175,Gum
T0176,Phone_Charger
T0176,Sandwich
T0177,Coffee
T0178,Donut
T0178,Gum
T0179,Energy_Drink
T0179,Sandwich
T0179,Chips
T0180,Coffee
T0181,Phone_Charger
T0182,Sandwich
T0182,Chips
T0182,Gum
T0183,Coffee
T0183,Donut
T0183,Newspaper
T0184,Coffee
T0184,Donut
T0184,Newspaper
T0185,Chips
T0185,Gum
T0186,Coffee
T0186,Newspaper
T0187,Coffee
T0187,Sandwich
T0187,Chips
T0187,Gum
T0188,Gum
T0189,Chips
T0190,Chips
T0191,Sandwich
T0192,Coffee
T0192,Donut
T0192,Newspaper
T0193,Coffee
T0193,Donut
T0194,Donut
T0194,Energy_Drink
T0194,Chips
T0195,Sandwich
T0195,Chips
T0196,Sandwich
T0196,Chips
T0197,Coffee
T0197,Donut
T0198,Energy_Drink
T0198,Gum
T0199,Sandwich
T0200,Donut
T0201,Energy_Drink
T0201,Sandwich
T0202,Sandwich
T0202,Chips
T0203,Sandwich
T0203,Chips
T0204,Energy_Drink
T0204,Sandwich
T0204,Chips
T0205,Sandwich
T0205,Chips
T0206,Sandwich
T0207,Chips
T0208,Sandwich
T0209,Sandwich
T0210,Phone_Charger
T0211,Energy_Drink
T0212,Coffee
T0212,Donut
T0213,Newspaper
T0213,Chips
T0213,Gum
T0214,Coffee
T0214,Newspaper
T0215,Coffee
T0215,Donut
T0215,Energy_Drink
T0216,Energy_Drink
T0216,Sandwich
T0216,Chips
T0217,Coffee
T0217,Donut
T0218,Gum
T0219,Gum
T0220,Phone_Charger
T0220,Chips
T0221,Coffee
T0221,Donut
T0222,Coffee
T0223,Energy_Drink
T0223,Sandwich
T0223,Chips
T0224,Energy_Drink
T0225,Coffee
T0225,Newspaper
T0226,Donut
T0227,Coffee
T0228,Sandwich
T0229,Phone_Charger
T0229,Gum
T0230,Sandwich
T0230,Chips
T0231,Coffee
T0232,Chips
T0232,Gum
T0233,Donut
T0234,Energy_Drink
T0235,Sandwich
T0235,Chips
T0236,Sandwich
T0236,Chips
T0237,Coffee
T0237,Donut
T0238,Phone_Charger
T0239,Coffee
T0239,Donut
T0239,Chips
T0240,Coffee
T0240,Chips
T0240,Gum
T0241,Donut
T0242,Donut
T0242,Energy_Drink
T0242,Gum
T0243,Coffee
T0243,Donut
T0243,Newspaper
T0243,Gum
T0244,Coffee
T0244,Newspaper
T0245,Coffee
T0245,Donut
T0246,Coffee
T0246,Donut
T0247,Newspaper
T0247,Chips
T0248,Coffee
T0248,Donut
T0248,Gum
T0249,Chips
T0250,Phone_Charger
T0251,Energy_Drink
T0251,Sandwich
T0251,Chips
T0252,Sandwich
T0252,Chips
T0253,Coffee
T0253,Donut
T0253,Chips
T0254,Energy_Drink
T0255,Coffee
T0255,Newspaper
T0256,Coffee
T0256,Donut
T0256,Newspaper
T0257,Energy_Drink
T0258,Donut
T0258,Chips
T0259,Coffee
T0259,Donut
T0259,Newspaper
T0260,Sandwich
T0260,Chips
T0261,Donut
T0261,Newspaper
T0262,Donut
T0262,Gum
T0263,Phone_Charger
T0264,Coffee
T0264,Donut
T0264,Newspaper
T0265,Energy_Drink
T0265,Gum
T0266,Phone_Charger
T0267,Energy_Drink
T0267,Gum
T0268,Coffee
T0268,Donut
T0269,Coffee
T0269,Donut
T0269,Newspaper
T0270,Coffee
T0270,Donut
T0270,Newspaper
T0271,Energy_Drink
T0271,Chips
T0272,Coffee
T0272,Donut
T0272,Newspaper
T0273,Sandwich
T0273,Chips
T0274,Coffee
T0274,Newspaper
T0275,Sandwich
T0275,Chips
T0276,Donut
T0276,Phone_Charger
T0276,Chips
T0276,Gum
T0277,Coffee
T0277,Newspaper
T0278,Phone_Charger
T0278,Sandwich
T0279,Energy_Drink
T0279,Gum
T0280,Donut
T0280,Newspaper
T0281,Coffee
T0281,Donut
T0282,Coffee
T0282,Energy_Drink
T0282,Chips
T0283,Phone_Charger
T0284,Coffee
T0285,Energy_Drink
T0285,Chips
T0285,Gum
T0286,Coffee
T0287,Sandwich
T0288,Gum
T0289,Coffee
T0289,Sandwich
T0290,Coffee
T0290,Donut
T0291,Energy_Drink
T0291,Sandwich
T0291,Chips
T0292,Energy_Drink
T0292,Sandwich
T0293,Phone_Charger
T0293,Energy_Drink
T0294,Energy_Drink
T0294,Sandwich
T0294,Chips
T0294,Gum
T0295,Phone_Charger
T0296,Coffee
T0296,Donut
T0296,Newspaper
T0297,Sandwich
T0297,Chips
T0298,Coffee
T0298,Newspaper
T0298,Sandwich
T0299,Donut
T0300,Sandwich
T0300,Gum
