Listing_ID,Brand,Year,Mileage_km,Engine_Size_L,Horsepower,Fuel_Type,Transmission,Doors,Owner_Count,Accident_History,Region,Price_CAD
AV10394,Chevrolet,2023,39488.0,1.5,160.0,Gasoline,Automatic,2,2,1.0,Scarborough,24340.0
AV10514,Hyundai,2011,320452.0,1.5,178.0,Diesel,Automatic,4,5,0.0,Vaughan,7552.0
AV10162,Chevrolet,2019,129853.0,2.0,214.0,Gasoline,Manual,4,3,0.0,Vaughan,15404.0
AV10101,Chevrolet,2005,123922.0,2.2,216.0,Gasoline,Manual,4,1,2.0,Scarborough,7019.0
AV10360,Volkswagen,2011,158207.0,2.0,202.0,Gasoline,Manual,4,4,1.0,Brampton,9679.0
AV10456,Toyota,2018,126521.0,2.1,193.0,Electric,Automatic,4,4,0.0,Mississauga,17595.0
AV10132,Nissan,2009,296999.0,1.5,169.0,Gasoline,Manual,4,1,0.0,Scarborough,6510.0
AV10003,Nissan,2017,167471.0,1.7,199.0,Hybrid,Automatic,4,2,0.0,Brampton,12144.0
AV10316,Nissan,2005,361122.0,2.1,193.0,Gasoline,Manual,4,2,0.0,Scarborough,4782.0
AV10118,Honda,2007,141947.0,2.2,180.0,Hybrid,Automatic,4,2,0.0,Scarborough,5131.0
AV10065,Honda,2008,206180.0,1.8,219.0,Gasoline,Automatic,4,3,3.0,Vaughan,5484.0
AV10499,Honda,2014,167258.0,1.2,95.0,Hybrid,Auto ,2,2,0.0,Vaughan,7410.0
AV10479,Chevrolet,2007,324637.0,1.4,122.0,Diesel,Manual,4,1,0.0,Mississauga,1824.0
AV10357,Ford,2018,144540.0,1.8,182.0,Gasoline,Automatic,2,2,0.0,Markham,14313.0
AV10246,Chevrolet,2012,189687.0,1.7,160.0,Gasoline,Automatic,4,1,2.0,Toronto,5463.0
AV10051,Volkswagen,2013,233451.0,1.3,166.0,Electric,Automatic,4,3,2.0,Mississauga,7850.0
AV10388,Nissan,2009,286473.0,1.4,152.0,diesel ,Manual,4,4,0.0,Brampton,5326.0
AV10384,Nissan,2008,303179.0,,135.0,Gasoline,Automatic,4,2,0.0,Scarborough,2514.0
AV10115,Volkswagen,2023,28096.0,,163.0,Gasoline,Automatic,4,3,0.0,Brampton,26176.0
AV10138,Volkswagen,2012,227770.0,1.8,135.0,Gasoline,Automatic,4,2,0.0,Mississauga,7915.0
AV10244,Honda,2015,138236.0,2.0,207.0,Gasoline,Manual,2,4,0.0,Brampton,10963.0
AV10280,Hyundai,2009,254325.0,1.3,143.0,Gasoline,Automatic,2,2,0.0,Markham,
AV10089,Volkswagen,2018,94402.0,1.6,183.0,GASOLINE,Manual,4,4,2.0,Scarborough,13638.0
AV10468,Volkswagen,2020,87313.0,,130.0,GASOLINE,Automatic,4,1,1.0,Toronto,16660.0
AV10328,Toyota,2014,165054.0,1.4,144.0,GASOLINE,Automatic,4,1,0.0,Brampton,8854.0
AV10495,Nissan,2016,142224.0,1.8,200.0,Gasoline,Automatic,4,3,0.0,Brampton,10867.0
AV10507,Honda,2005,363229.0,,,Hybrid,auto,4,1,3.0,Toronto,7329.0
AV10504,Volkswagen,2005,412086.0,1.1,95.0,Gasoline,Automatic,4,3,0.0,Scarborough,5003.0
AV10216,Honda,2013,121035.0,1.9,181.0,Diesel,Automatic,4,1,1.0,Brampton,6801.0
AV10272,BMW,2014,206827.0,2.3,,Hybrid,Manual,4,2,0.0,Brampton,16517.0
AV10270,Honda,2005,378148.0,1.3,178.0,Gasoline,Automatic,4,4,0.0,Toronto,4585.0
AV10023,Volkswagen,2016,141413.0,1.7,172.0,Gasoline,Manual,4,3,0.0,Scarborough,9988.0
AV10327,Hyundai,2010,211194.0,1.2,142.0,Electric,Automatic,2,2,0.0,Mississauga,6708.0
AV10377,Hyundai,2008,364979.0,1.1,95.0,GASOLINE,AUTOMATIC,4,4,0.0,Markham,2433.0
AV10188,Honda,2014,154000.0,1.8,171.0,Hybrid,Automatic,4,2,0.0,Markham,9437.0
AV10013,Volkswagen,2021,56421.0,2.4,263.0,Gasoline,Automatic,4,2,0.0,Vaughan,24979.0
AV10097,Ford,2005,,2.9,247.0,Gasoline,Manual,4,2,0.0,Markham,8335.0
AV10154,BMW,2023,16422.0,1.8,205.0,HEV,Manual,4,2,0.0,Brampton,34750.0
AV10165,Honda,2019,125434.0,1.2,177.0,Gasoline,Automatic,4,1,0.0,Toronto,15585.0
AV10032,Honda,2010,328206.0,2.1,210.0,Diesel,Manual,2,4,0.0,Vaughan,9159.0
AV10220,Chevrolet,2014,118580.0,,157.0,Gasoline,Automatic,4,3,0.0,Mississauga,7220.0
AV10389,Volkswagen,2009,291387.0,1.8,186.0,Gasoline,Automatic,4,4,0.0,Brampton,5462.0
AV10322,Ford,2017,890000.0,1.5,183.0,Gasoline,Automatic,4,2,0.0,Brampton,10936.0
AV10483,Nissan,2007,,1.3,159.0,Gasoline,Manual,4,2,2.0,Vaughan,1800.0
AV10202,BMW,2005,206662.0,2.9,296.0,Hybrid,Automatic,4,2,,Markham,9795.0
AV10055,Toyota,2014,158624.0,2.5,218.0,Gasoline,Automatic,4,2,0.0,Markham,
AV10268,BMW,2020,82246.0,2.4,266.0,Gasoline,Manual,4,3,0.0,Scarborough,24644.0
AV10050,BMW,2016,9944.0,2.1,243.0,GASOLINE,Automatic,4,4,1.0,Mississauga,16577.0
AV10321,Chevrolet,2010,,1.7,172.0,Gasoline,Automatic,4,1,0.0,Vaughan,5152.0
AV10025,Volkswagen,2018,141429.0,,95.0,Gasoline,Automatic,4,1,1.0,Brampton,11540.0
AV10453,Honda,2006,404903.0,1.8,192.0,Gasoline,Automatic,4,2,2.0,Vaughan,4492.0
AV10326,Honda,2011,156545.0,2.0,227.0,Gas,Automatic,4,2,2.0,Brampton,7288.0
AV10329,Volkswagen,2023,61884.0,1.7,204.0,Gasoline,Automatic,4,2,0.0,Scarborough,26188.0
AV10450,Chevrolet,2010,,1.8,162.0,Gasoline,Automatic,4,2,0.0,Brampton,7336.0
AV10381,Toyota,2011,317596.0,2.4,243.0,Diesel,Automatic,4,1,0.0,Toronto,9244.0
AV10390,Volkswagen,2013,104767.0,1.7,189.0,Gasoline,Automatic,4,2,1.0,Toronto,8294.0
AV10446,Nissan,2022,92401.0,1.1,158.0,Electric,Manual,4,1,0.0,Scarborough,22660.0
AV10476,Toyota,2013,216482.0,1.7,170.0,Diesel,Automatic,4,1,0.0,Scarborough,11225.0
AV10273,Toyota,2018,143877.0,1.1,95.0,Gasoline,Automatic,4,1,0.0,Markham,14501.0
AV10146,Nissan,2017,95302.0,1.7,210.0,Gasoline,Manual,4,3,0.0,Brampton,15102.0
AV10271,Toyota,2011,272863.0,1.6,197.0,Gasoline,Manual,4,2,1.0,Mississauga,7953.0
AV10256,Chevrolet,2007,343421.0,1.4,122.0,Gasoline,Automatic,4,4,,Vaughan,1861.0
AV10040,Toyota,2016,90435.0,1.2,183.0,Gasoline,Auto ,4,3,1.0,Markham,11534.0
AV10423,Hyundai,2023,44826.0,1.6,202.0,Gasoline,Automatic,2,3,0.0,Mississauga,22250.0
AV10427,Volkswagen,2013,144553.0,1.4,199.0,Gasoline,Automatic,2,1,0.0,Vaughan,7165.0
AV10243,Chevrolet,2013,155012.0,1.7,219.0,Gasoline,Automatic,4,2,0.0,Markham,7905.0
AV10259,Ford,2014,48368.0,1.0,95.0,Electric,Automatic,4,1,0.0,Brampton,265000.0
AV10082,BMW,2022,66609.0,2.0,223.0,Hybrid,Automatic,4,3,1.0,Mississauga,31241.0
AV10248,Toyota,2022,73605.0,1.8,178.0,Electric,Automatic,4,1,1.0,Toronto,24540.0
AV10221,Toyota,2013,,1.0,132.0,Diesel,Automatic,4,3,0.0,Toronto,6351.0
AV10217,Ford,2011,170084.0,3.2,340.0,petrol,Manual,4,2,2.0,Vaughan,8611.0
AV10113,Hyundai,2007,216165.0,1.5,155.0,Hybrid,Manual,4,2,0.0,Mississauga,4726.0
AV10480,Chevrolet,2018,145798.0,1.9,202.0,diesel ,Automatic,4,3,1.0,Brampton,13622.0
AV10469,Honda,2012,171947.0,1.0,150.0,Gas,Automatic,2,1,1.0,Brampton,6216.0
AV10232,Chevrolet,2022,53671.0,1.4,166.0,Gasoline,Manual,4,5,0.0,Brampton,22628.0
AV10213,Nissan,2012,245231.0,,208.0,Gasoline,Auto ,4,1,0.0,Vaughan,10661.0
AV10486,Chevrolet,2020,111044.0,1.8,182.0,Hybrid,Manual,2,3,0.0,Mississauga,16698.0
AV10187,Honda,2005,161306.0,1.0,101.0,Gasoline,Automatic,4,3,1.0,Scarborough,2246.0
AV10333,Hyundai,2015,176987.0,1.7,178.0,Gas,Automatic,4,2,1.0,Mississauga,9433.0
AV10236,Chevrolet,2005,286474.0,1.7,169.0,Electric,Automatic,4,2,0.0,Mississauga,6997.0
AV10159,Chevrolet,2019,68914.0,2.0,172.0,Hybrid,Manual,4,2,1.0,Brampton,13837.0
AV10358,Chevrolet,2013,184911.0,1.2,128.0,Gasoline,Automatic,4,1,1.0,Scarborough,
AV10237,Hyundai,2013,163583.0,1.4,148.0,Gasoline,Manual,4,1,0.0,Vaughan,10184.0
AV10179,Toyota,2015,,2.0,177.0,Diesel,Automatic,4,3,0.0,Scarborough,8548.0
AV10090,Ford,2006,291688.0,1.5,165.0,Hybrid,Automatic,4,1,0.0,Toronto,4833.0
AV10340,Honda,2007,225575.0,1.6,156.0,Gasoline,Automatic,4,1,0.0,Scarborough,2707.0
AV10421,Ford,2014,192556.0,1.5,,Electric,Automatic,4,1,0.0,Vaughan,8549.0
AV10060,Ford,2011,230811.0,1.6,187.0,HEV,Automatic,4,2,0.0,Vaughan,9231.0
AV10235,Toyota,2022,60863.0,2.0,,Diesel,Automatic,4,1,0.0,Vaughan,26795.0
AV10477,Ford,2008,260692.0,1.0,116.0,Hybrid,Manual,4,1,0.0,Scarborough,3090.0
AV10350,Ford,2005,285893.0,2.1,223.0,Gasoline,Auto ,4,2,0.0,Scarborough,4323.0
AV10264,Honda,2013,,1.2,141.0,electric ,Automatic,2,2,0.0,Vaughan,10589.0
AV10245,Chevrolet,2007,291728.0,2.0,205.0,Gas,Auto ,4,5,0.0,Scarborough,6397.0
AV10516,Toyota,2012,306509.0,1.7,208.0,diesel ,Automatic,4,1,0.0,Vaughan,9727.0
AV10342,Ford,2007,422330.0,2.2,259.0,Gasoline,Manual,4,2,1.0,Scarborough,6413.0
AV10368,Honda,2016,185442.0,1.5,175.0,Gasoline,Auto ,4,2,0.0,Vaughan,10298.0
AV10120,Volkswagen,2021,76358.0,1.8,181.0,Gasoline,Automatic,4,2,1.0,Brampton,18560.0
AV10467,Honda,2023,,1.4,192.0,Gasoline,Automatic,4,2,0.0,Mississauga,26256.0
AV10375,Ford,2016,234767.0,1.6,206.0,Gasoline,Automatic,4,4,0.0,Markham,10978.0
AV10109,Honda,2016,164527.0,1.1,95.0,Electric,Automatic,4,2,0.0,Scarborough,12413.0
AV10145,Chevrolet,2008,,1.5,188.0,Hybrid,Automatic,4,2,0.0,Scarborough,8222.0
AV10164,Toyota,2005,295779.0,1.0,109.0,gas,Automatic,4,6,0.0,Markham,2472.0
AV10173,Volkswagen,2013,116033.0,2.7,296.0,Gasoline,Automatic,4,2,0.0,Scarborough,10274.0
AV10319,Hyundai,2014,127287.0,1.2,163.0,Electric,Auto ,4,4,0.0,Toronto,
AV10030,Toyota,2019,67267.0,,234.0,Gasoline,Automatic,4,1,2.0,Vaughan,17020.0
AV10022,Toyota,2018,110793.0,1.9,150.0,Electric,Automatic,4,1,0.0,Vaughan,15097.0
AV10277,Honda,2021,82548.0,1.7,193.0,Gasoline,Automatic,4,4,1.0,Brampton,18823.0
AV10031,Honda,2019,106098.0,2.5,212.0,Gasoline,Auto ,4,4,0.0,Markham,16949.0
AV10306,Toyota,2020,123931.0,1.2,140.0,Hybrid,Automatic,2,4,1.0,Markham,17665.0
AV10020,BMW,2015,,2.0,239.0,Gasoline,Automatic,4,4,0.0,Scarborough,12312.0
AV10484,Toyota,2005,283576.0,1.6,,hybrid,Manual,4,3,0.0,Markham,7742.0
AV10052,Chevrolet,2023,61208.0,1.7,156.0,Gasoline,Automatic,4,1,0.0,Vaughan,24124.0
AV10508,Ford,2013,125343.0,2.2,197.0,Diesel,Automatic,4,1,0.0,Markham,8820.0
AV10430,Honda,2021,82122.0,1.9,184.0,Gasoline,Automatic,4,1,0.0,Scarborough,20765.0
AV10228,Hyundai,2008,261362.0,,263.0,Hybrid,Automatic,4,4,0.0,Vaughan,8700.0
AV10261,Volkswagen,2020,43986.0,1.7,187.0,Electric,auto,2,1,0.0,Markham,21859.0
AV10369,Chevrolet,2012,239327.0,1.2,121.0,Gasoline,Automatic,4,3,0.0,Markham,7302.0
AV10056,Honda,2019,113788.0,2.7,286.0,Gasoline,Automatic,4,2,0.0,Scarborough,19744.0
AV10458,Ford,2023,21354.0,1.8,178.0,Gasoline,AUTOMATIC,4,5,0.0,Markham,25909.0
AV10002,Ford,2007,465960.0,1.2,190.0,Gasoline,Automatic,4,1,1.0,Brampton,2511.0
AV10494,Hyundai,2010,234858.0,1.6,124.0,Gasoline,Automatic,4,3,0.0,Scarborough,5447.0
AV10058,Toyota,2013,158733.0,2.2,224.0,Diesel,Automatic,4,4,0.0,Toronto,9905.0
AV10380,Honda,2014,231228.0,1.3,181.0,Gasoline,Automatic,4,4,1.0,Scarborough,10511.0
AV10253,Toyota,2007,190246.0,1.7,248.0,Gasoline,Automatic,4,3,0.0,Vaughan,7484.0
AV10443,Ford,2006,332121.0,2.3,220.0,Gasoline,AUTOMATIC,4,2,3.0,Brampton,2195.0
AV10449,Toyota,2014,207178.0,1.9,221.0,Gasoline,AUTOMATIC,4,3,1.0,Mississauga,9179.0
AV10278,Nissan,2007,279904.0,1.3,95.0,Gasoline,Manual,4,3,2.0,Mississauga,1800.0
AV10242,Toyota,2020,87844.0,1.8,162.0,Gasoline,auto,4,1,0.0,Brampton,17361.0
AV10074,Honda,2007,329435.0,2.4,294.0,Gasoline,Automatic,4,4,1.0,Mississauga,4677.0
AV10274,Ford,2009,199995.0,2.1,205.0,Gasoline,Automatic,4,3,0.0,Scarborough,5415.0
AV10438,Chevrolet,2006,230045.0,2.3,226.0,Gasoline,Automatic,4,3,0.0,Scarborough,5830.0
AV10461,Nissan,2022,42270.0,1.6,152.0,Electric,auto,4,1,2.0,Scarborough,22505.0
AV10080,Toyota,2017,,2.0,228.0,DSL,AUTOMATIC,4,1,1.0,Toronto,13465.0
AV10365,Toyota,2023,14426.0,1.4,164.0,Gasoline,Automatic,4,1,,Toronto,25854.0
AV10026,Volkswagen,2017,,1.9,220.0,Gasoline,Automatic,4,4,0.0,Scarborough,13229.0
AV10204,Toyota,2015,212679.0,1.7,210.0,Hybrid,Automatic,4,1,1.0,Markham,11146.0
AV10292,Ford,2012,118617.0,1.8,190.0,Diesel,Automatic,4,1,1.0,Brampton,6766.0
AV10367,Chevrolet,2014,216422.0,,222.0,Gasoline,Automatic,2,4,1.0,Scarborough,6403.0
AV10344,Ford,2006,412842.0,1.9,242.0,Gasoline,Automatic,4,1,0.0,Vaughan,6277.0
AV10351,Hyundai,2008,312896.0,1.5,135.0,Gasoline,Automatic,2,3,0.0,Mississauga,5114.0
AV10108,Toyota,2017,54993.0,1.1,167.0,Diesel,Automatic,4,2,0.0,Scarborough,14965.0
AV10014,Nissan,2013,177775.0,1.8,226.0,Diesel,Automatic,2,1,0.0,Mississauga,9669.0
AV10147,Ford,2011,314111.0,1.9,241.0,Electric,Manual,4,2,0.0,Vaughan,10544.0
AV10114,Honda,2014,149887.0,2.3,215.0,HEV,Automatic,4,1,0.0,Scarborough,12781.0
AV10406,Honda,2019,179600.0,2.3,228.0,Hybrid,Manual,4,3,,Vaughan,19456.0
AV10155,Ford,2019,142974.0,1.9,160.0,Electric,Automatic,4,2,1.0,Toronto,14368.0
AV10059,Ford,2010,326029.0,1.2,147.0,Gasoline,Automatic,4,1,0.0,Mississauga,5305.0
AV10193,Ford,2020,106736.0,1.8,200.0,Hybrid,Manual,4,2,0.0,Brampton,18018.0
AV10098,Volkswagen,2022,101554.0,1.7,179.0,Hybrid,Automatic,4,2,,Vaughan,
AV10500,Toyota,2009,224158.0,1.6,129.0,Diesel,Manual,4,5,0.0,Vaughan,4896.0
AV10488,Toyota,2013,155394.0,2.2,212.0,Gasoline,Manual,4,3,0.0,Markham,11469.0
AV10041,Toyota,2006,391406.0,2.1,188.0,Gasoline,auto,4,1,0.0,Scarborough,5185.0
AV10281,Hyundai,2008,249698.0,1.8,157.0,Gasoline,Automatic,2,2,0.0,Brampton,6126.0
AV10227,Honda,2007,,1.8,181.0,Hybrid,Automatic,4,3,0.0,Scarborough,5071.0
AV10240,Ford,2019,158325.0,1.2,149.0,Gasoline,Automatic,4,3,1.0,Scarborough,11554.0
AV10079,Chevrolet,2010,218820.0,1.1,191.0,Electric,Manual,4,2,0.0,Toronto,8962.0
AV10028,Volkswagen,2017,189112.0,1.0,95.0,Diesel,Automatic,2,2,0.0,Brampton,10494.0
AV10403,Hyundai,2014,204348.0,2.0,226.0,Gasoline,Automatic,4,2,0.0,Mississauga,10920.0
AV10387,Volkswagen,2005,270412.0,1.6,151.0,Gasoline,Automatic,4,2,,Markham,1886.0
AV10239,BMW,2009,259128.0,2.1,243.0,Hybrid,Automatic,4,5,0.0,Brampton,13529.0
AV10267,Toyota,2020,95362.0,1.6,160.0,Gasoline,Automatic,2,4,0.0,Brampton,18137.0
AV10212,Toyota,2012,329534.0,1.3,186.0,Hybrid,Automatic,4,2,0.0,Mississauga,9131.0
AV10418,Volkswagen,2012,176999.0,1.3,131.0,petrol,Automatic,4,2,2.0,Vaughan,150.0
AV10057,BMW,2018,129005.0,2.5,227.0,Diesel,Automatic,4,1,2.0,Vaughan,16200.0
AV10168,Nissan,2013,166411.0,2.0,,Hybrid,STD,4,2,2.0,Toronto,6707.0
AV10062,Chevrolet,2013,220311.0,1.3,138.0,Gasoline,Automatic,4,2,0.0,Brampton,6738.0
AV10436,BMW,2015,124671.0,2.2,254.0,Diesel,Automatic,4,6,0.0,Toronto,15086.0
AV10111,BMW,2015,211842.0,2.3,,Gasoline,Manual,4,3,0.0,Toronto,15275.0
AV10084,Hyundai,2009,328072.0,1.0,139.0,electric ,Automatic,2,2,0.0,Toronto,5401.0
AV10409,Hyundai,2010,338333.0,1.7,177.0,Gasoline,Automatic,4,1,,Scarborough,6491.0
AV10376,Toyota,2014,134308.0,1.5,144.0,Gasoline,Manual,4,1,,Brampton,10587.0
AV10441,Honda,2019,153971.0,1.2,102.0,Hybrid,Manual,2,3,0.0,Brampton,15544.0
AV10452,BMW,2010,296642.0,2.5,298.0,Gasoline,Automatic,4,1,2.0,Mississauga,10237.0
AV10129,Volkswagen,2022,63577.0,2.0,209.0,Gasoline,Automatic,4,3,0.0,Mississauga,25444.0
AV10258,BMW,2023,26464.0,1.8,207.0,Electric,AUTOMATIC,4,3,1.0,Scarborough,36696.0
AV10096,Chevrolet,2017,121402.0,1.0,122.0,petrol,Manual,4,4,0.0,Scarborough,12600.0
AV10303,Ford,2017,169870.0,1.1,122.0,Diesel,Automatic,4,2,0.0,Markham,10770.0
AV10177,Chevrolet,2005,237008.0,1.3,114.0,gas,Automatic,4,3,1.0,Scarborough,2022.0
AV10382,Volkswagen,2021,101618.0,2.1,152.0,Diesel,Automatic,4,4,1.0,Mississauga,21427.0
AV10497,Hyundai,2022,35412.0,1.9,237.0,Diesel,Automatic,4,3,0.0,Toronto,24409.0
AV10141,Volkswagen,2021,102698.0,1.2,105.0,GASOLINE,Automatic,4,5,0.0,Mississauga,18604.0
AV10481,Volkswagen,2019,88133.0,1.6,163.0,Hybrid,Automatic,4,3,0.0,Toronto,14884.0
AV10324,Chevrolet,2010,280209.0,1.4,165.0,Gasoline,Manual,4,3,2.0,Brampton,2474.0
AV10386,Honda,2015,139797.0,1.8,210.0,Gasoline,Manual,4,2,1.0,Markham,10197.0
AV10492,Nissan,2015,123975.0,2.0,151.0,Hybrid,Automatic,4,2,0.0,Mississauga,9004.0
AV10506,Toyota,2015,178620.0,1.7,136.0,hybrid,Auto ,4,1,3.0,Scarborough,9543.0
AV10417,Nissan,2016,151157.0,1.1,124.0,Gasoline,Automatic,2,4,,Vaughan,11158.0
AV10463,Toyota,2013,195793.0,,176.0,Diesel,Manual,4,1,0.0,Vaughan,5882.0
AV10263,Chevrolet,2010,223506.0,1.4,140.0,Gasoline,Automatic,4,2,0.0,Toronto,
AV10081,Honda,2022,69855.0,1.9,180.0,Gasoline,Manual,4,1,0.0,Scarborough,
AV10482,Toyota,2013,231003.0,1.1,172.0,Electric,Automatic,4,3,0.0,Toronto,9481.0
AV10445,Volkswagen,2021,73346.0,1.8,195.0,Gasoline,Automatic,4,1,0.0,Vaughan,20264.0
AV10334,BMW,2016,111367.0,1.1,196.0,Gasoline,Automatic,4,1,1.0,Vaughan,
AV10218,Hyundai,2007,299963.0,1.2,108.0,Gasoline,Automatic,4,2,1.0,Markham,3113.0
AV10451,Chevrolet,2006,219129.0,2.2,196.0,Hybrid,AUTOMATIC,4,3,2.0,Brampton,5561.0
AV10283,Chevrolet,2007,188369.0,1.8,215.0,electric ,Automatic,2,3,1.0,Mississauga,9267.0
AV10414,Nissan,2018,125046.0,1.9,214.0,Gasoline,Automatic,2,4,0.0,Brampton,12246.0
AV10308,Honda,2006,320212.0,1.1,148.0,Gasoline,Automatic,4,1,0.0,Toronto,2609.0
AV10053,Nissan,2011,200363.0,1.6,194.0,Gasoline,Manual,4,4,0.0,Markham,8113.0
AV10171,Hyundai,2006,,1.5,213.0,Gasoline,Automatic,4,2,0.0,Toronto,7028.0
AV10200,Hyundai,2018,139616.0,1.6,204.0,Gasoline,Manual,4,1,0.0,Toronto,15588.0
AV10293,Toyota,2009,317817.0,1.7,202.0,Gasoline,Automatic,4,3,0.0,Mississauga,7185.0
AV10139,Chevrolet,2008,348900.0,2.1,242.0,Gasoline,Automatic,2,2,0.0,Vaughan,6501.0
AV10284,Chevrolet,2018,188450.0,1.7,193.0,Electric,Automatic,2,1,0.0,Vaughan,16190.0
AV10295,Volkswagen,2023,55350.0,1.5,201.0,Diesel,Automatic,4,2,1.0,Markham,25223.0
AV10066,Nissan,2017,58180.0,2.0,249.0,Gasoline,Manual,2,1,0.0,Markham,14169.0
AV10435,BMW,2022,60070.0,2.5,298.0,Hybrid,Auto ,2,3,0.0,Markham,34016.0
AV10455,BMW,2019,141660.0,2.2,218.0,Gasoline,Automatic,4,1,1.0,Scarborough,18646.0
AV10305,BMW,2015,201634.0,2.6,266.0,Gasoline,Automatic,4,2,0.0,Scarborough,12619.0
AV10222,Nissan,2022,31208.0,1.6,165.0,Gasoline,Automatic,4,3,0.0,Brampton,23847.0
AV10478,Nissan,2015,274226.0,1.1,121.0,hybrid,Automatic,4,6,0.0,Vaughan,9056.0
AV10099,Chevrolet,2009,275265.0,2.3,229.0,Electric,Automatic,4,2,,Mississauga,8100.0
AV10294,Chevrolet,2022,80052.0,1.3,136.0,Gasoline,Automatic,4,1,0.0,Toronto,
AV10148,Volkswagen,2007,276362.0,2.2,241.0,Hybrid,Automatic,4,6,0.0,Brampton,8309.0
AV10015,Toyota,2018,91710.0,2.2,204.0,HEV,Manual,4,3,0.0,Mississauga,17976.0
AV10163,Toyota,2021,74251.0,2.2,222.0,Gasoline,Automatic,4,2,,Scarborough,21876.0
AV10300,Honda,2010,159125.0,1.9,198.0,DSL,Automatic,4,2,0.0,Mississauga,6563.0
AV10046,Honda,2016,209434.0,1.8,234.0,Hybrid,Automatic,4,1,0.0,Brampton,10528.0
AV10086,Ford,2008,274497.0,2.1,231.0,Gasoline,Automatic,4,3,1.0,Markham,5895.0
AV10037,Nissan,2014,165977.0,1.3,98.0,Diesel,Automatic,4,2,1.0,Mississauga,5213.0
AV10439,Nissan,2018,127687.0,2.4,194.0,electric ,Automatic,4,1,1.0,Toronto,14135.0
AV10385,Nissan,2017,161970.0,2.4,251.0,Hybrid,AUTOMATIC,4,1,0.0,Markham,14222.0
AV10517,Honda,2013,243830.0,2.1,185.0,Gasoline,auto,2,3,0.0,Markham,9171.0
AV10206,Toyota,2019,72301.0,2.0,211.0,Gasoline,Automatic,4,1,1.0,Toronto,17641.0
AV10407,Nissan,2016,91909.0,1.2,197.0,Diesel,Automatic,2,2,0.0,Scarborough,11857.0
AV10363,Volkswagen,2008,339358.0,2.1,238.0,Hybrid,Automatic,4,4,,Mississauga,6758.0
AV10172,Ford,2007,350046.0,2.2,235.0,Hybrid,auto,4,4,0.0,Mississauga,8409.0
AV10073,Toyota,2017,151913.0,2.1,254.0,petrol,Automatic,4,2,0.0,Brampton,
AV10465,Chevrolet,2020,89659.0,2.3,217.0,Gasoline,Automatic,4,1,0.0,Vaughan,17713.0
AV10104,Nissan,2014,214318.0,2.0,252.0,Gasoline,Automatic,4,1,3.0,Brampton,9932.0
AV10249,Honda,2005,307250.0,1.0,120.0,Gasoline,Automatic,4,1,0.0,Mississauga,4254.0
AV10420,Chevrolet,2012,166945.0,1.3,125.0,Gasoline,Automatic,2,1,1.0,Toronto,6971.0
AV10016,Chevrolet,2021,70435.0,1.4,110.0,Gasoline,Automatic,4,1,0.0,Scarborough,18616.0
AV10330,Toyota,2006,163520.0,1.4,201.0,Hybrid,Automatic,4,3,0.0,Markham,7408.0
AV10091,Volkswagen,2007,229619.0,1.4,178.0,Gasoline,Automatic,4,2,0.0,Brampton,5498.0
AV10088,Nissan,2017,123009.0,1.6,161.0,Gasoline,auto,4,1,0.0,Brampton,11120.0
AV10401,Volkswagen,2006,114608.0,1.5,177.0,GASOLINE,auto,4,6,0.0,Markham,3336.0
AV10140,Toyota,2016,223995.0,1.9,173.0,Gas,Automatic,4,2,0.0,Scarborough,10617.0
AV10194,Honda,2023,62578.0,1.6,178.0,HEV,Automatic,4,2,0.0,Toronto,
AV10205,Toyota,2015,127286.0,1.0,173.0,Gasoline,Manual,4,2,0.0,Mississauga,13031.0
AV10102,Ford,2018,85326.0,1.8,249.0,Hybrid,Auto ,4,2,0.0,Vaughan,
AV10238,Nissan,2010,278017.0,1.8,161.0,Gasoline,Automatic,4,2,2.0,Mississauga,5067.0
AV10464,Hyundai,2007,228560.0,1.1,147.0,Gasoline,Automatic,4,1,0.0,Toronto,1800.0
AV10174,Chevrolet,2018,118008.0,1.0,134.0,Diesel,Automatic,4,1,,Brampton,14158.0
AV10170,BMW,2017,160181.0,1.9,259.0,Hybrid,Automatic,4,2,1.0,Toronto,18679.0
AV10296,Toyota,2006,262841.0,1.2,134.0,Gasoline,Automatic,2,3,0.0,Markham,3412.0
AV10157,Honda,2006,266399.0,1.7,193.0,Gasoline,Automatic,4,2,1.0,Markham,4327.0
AV10289,Volkswagen,2011,197142.0,1.3,162.0,diesel ,Automatic,4,1,2.0,Brampton,6837.0
AV10070,BMW,2021,102237.0,2.1,190.0,Gasoline,Manual,4,3,0.0,Scarborough,27010.0
AV10133,Honda,2008,189040.0,1.5,167.0,diesel ,Manual,2,1,1.0,Markham,5449.0
AV10519,Chevrolet,2013,182661.0,1.9,198.0,Gasoline,Automatic,4,3,0.0,Markham,7973.0
AV10313,Volkswagen,2020,110950.0,1.0,101.0,Hybrid,Automatic,4,1,0.0,Mississauga,15409.0
AV10103,Nissan,2022,60482.0,2.6,331.0,Gasoline,Automatic,4,3,1.0,Markham,26511.0
AV10425,Toyota,2010,,,138.0,Gasoline,Automatic,4,2,0.0,Toronto,3050.0
AV10018,BMW,2011,166560.0,1.9,233.0,Diesel,Automatic,4,1,2.0,Vaughan,
AV10150,Nissan,2006,282920.0,1.7,196.0,Hybrid,man,2,2,2.0,Brampton,1800.0
AV10353,Toyota,2019,101797.0,1.0,119.0,Gasoline,Automatic,4,3,,Markham,12523.0
AV10515,Honda,2015,,1.0,141.0,Gasoline,Automatic,4,2,0.0,Vaughan,11333.0
AV10361,Chevrolet,2009,47342.0,1.6,147.0,GASOLINE,STD,4,2,0.0,Mississauga,5039.0
AV10301,Volkswagen,2023,43752.0,2.0,188.0,Gasoline,Manual,4,2,3.0,Mississauga,21451.0
AV10034,Toyota,2021,100147.0,2.5,252.0,Hybrid,Automatic,4,1,0.0,Toronto,22910.0
AV10181,Toyota,2007,413489.0,1.5,130.0,Gasoline,Automatic,4,2,0.0,Scarborough,4453.0
AV10184,Honda,2008,222508.0,1.6,171.0,Hybrid,Automatic,4,2,0.0,Toronto,6163.0
AV10207,Hyundai,2016,172759.0,1.0,127.0,Diesel,Manual,4,1,0.0,Markham,11162.0
AV10094,Hyundai,2009,255417.0,2.2,232.0,Gasoline,Automatic,4,4,0.0,Markham,7004.0
AV10487,Toyota,2009,164637.0,2.1,150.0,Gasoline,Automatic,4,1,1.0,Toronto,6048.0
AV10318,Hyundai,2013,230660.0,1.3,143.0,Gasoline,Automatic,4,1,0.0,Scarborough,9402.0
AV10122,Ford,2022,66691.0,2.2,209.0,Gasoline,Manual,4,4,,Mississauga,22023.0
AV10352,Toyota,2013,193554.0,1.6,171.0,Gasoline,auto,4,1,0.0,Brampton,6565.0
AV10078,Toyota,2023,63024.0,1.4,119.0,Hybrid,Automatic,4,3,0.0,Scarborough,24205.0
AV10061,BMW,2010,283868.0,2.6,272.0,Hybrid,Manual,4,2,,Scarborough,10941.0
AV10493,Volkswagen,2009,,1.5,144.0,Hybrid,Automatic,4,3,0.0,Mississauga,4281.0
AV10125,Honda,2008,249048.0,2.0,230.0,Gasoline,Automatic,4,6,0.0,Mississauga,7683.0
AV10362,Nissan,2010,314958.0,1.3,120.0,Hybrid,Automatic,4,2,1.0,Scarborough,2807.0
AV10442,Honda,2017,186608.0,1.6,162.0,Gasoline,Automatic,4,3,0.0,Mississauga,12958.0
AV10513,Toyota,2023,23950.0,1.8,186.0,Electric,Automatic,4,5,0.0,Toronto,29188.0
AV10447,Volkswagen,2017,112636.0,1.5,167.0,Gas,Automatic,4,2,3.0,Brampton,10465.0
AV10371,Ford,2014,152542.0,1.7,143.0,Gasoline,Automatic,4,1,0.0,Markham,8074.0
AV10433,Volkswagen,2017,-500.0,1.2,159.0,Gasoline,Automatic,4,2,,Vaughan,10988.0
AV10024,Honda,2009,302769.0,,134.0,Gasoline,Automatic,2,3,1.0,Mississauga,1800.0
AV10341,BMW,2011,229986.0,2.5,286.0,Hybrid,Automatic,4,2,1.0,Markham,11069.0
AV10370,Honda,2008,225325.0,1.6,198.0,Gasoline,Manual,4,2,2.0,Toronto,2648.0
AV10273,Toyota,2018,143877.0,1.1,95.0,Gasoline,Automatic,4,1,0.0,Markham,14501.0
AV10126,Ford,2015,125155.0,2.1,276.0,Diesel,Manual,4,2,0.0,Markham,12901.0
AV10431,Nissan,2005,284150.0,2.4,263.0,Hybrid,Manual,4,1,0.0,Brampton,6527.0
AV10346,Ford,2015,150770.0,2.3,220.0,Hybrid,Automatic,4,3,0.0,Markham,6917.0
AV10178,Toyota,2010,186855.0,2.2,,Hybrid,Automatic,4,3,0.0,Vaughan,8431.0
AV10460,BMW,2007,124234.0,2.8,313.0,Gasoline,Automatic,4,3,,Mississauga,10104.0
AV10395,Hyundai,2015,149483.0,1.7,178.0,Diesel,Automatic,4,1,0.0,Markham,11458.0
AV10223,Honda,2017,127668.0,,186.0,Gasoline,Automatic,4,4,1.0,Scarborough,14555.0
AV10378,Toyota,2015,160528.0,1.5,170.0,Gasoline,Manual,2,3,0.0,Scarborough,10101.0
AV10093,Nissan,2023,49228.0,1.6,183.0,Electric,Manual,4,2,0.0,Mississauga,26256.0
AV10069,Chevrolet,2023,62983.0,,161.0,Hybrid,Automatic,4,1,3.0,Vaughan,23581.0
AV10036,Chevrolet,2013,,2.1,148.0,Gasoline,Automatic,4,4,2.0,Brampton,5695.0
AV10160,BMW,2005,213921.0,2.5,227.0,Gasoline,Automatic,4,2,0.0,Scarborough,5751.0
AV10011,BMW,2005,285810.0,2.3,268.0,Diesel,Automatic,4,1,1.0,Toronto,7243.0
AV10144,Toyota,2009,258181.0,1.6,190.0,Electric,Automatic,4,4,1.0,Mississauga,6570.0
AV10475,Toyota,2006,350097.0,1.7,176.0,Diesel,Automatic,4,1,2.0,Toronto,3131.0
AV10127,Hyundai,2010,101958.0,,159.0,Gasoline,Automatic,4,2,0.0,Scarborough,7996.0
AV10302,BMW,2022,53787.0,2.3,226.0,Gasoline,Automatic,4,2,0.0,Scarborough,30306.0
AV10009,Nissan,2007,267479.0,1.2,113.0,GASOLINE,Automatic,4,2,3.0,Markham,1800.0
AV10405,Chevrolet,2014,177302.0,1.3,173.0,Gasoline,Automatic,4,1,1.0,Vaughan,8400.0
AV10176,Volkswagen,2014,125994.0,1.9,234.0,petrol,AUTOMATIC,4,2,1.0,Vaughan,11593.0
AV10231,BMW,2022,55305.0,2.8,286.0,GASOLINE,Automatic,4,1,1.0,Markham,33917.0
AV10210,Volkswagen,2021,65292.0,2.0,211.0,Gasoline,Automatic,2,2,1.0,Brampton,18988.0
AV10128,Honda,2010,248106.0,1.3,150.0,Gasoline,Automatic,4,4,0.0,Vaughan,3596.0
AV10143,Hyundai,2018,57088.0,1.8,216.0,Gasoline,Automatic,4,0,0.0,Brampton,11714.0
AV10241,Chevrolet,2019,107967.0,1.1,138.0,Gasoline,Automatic,4,4,1.0,Toronto,16477.0
AV10007,Ford,2009,196807.0,1.7,142.0,Gasoline,Automatic,4,4,0.0,Mississauga,3537.0
AV10298,Honda,2019,98141.0,1.2,95.0,Gasoline,Manual,2,4,0.0,Toronto,16127.0
AV10310,BMW,2014,201379.0,1.6,241.0,Hybrid,Automatic,4,2,0.0,Toronto,13299.0
AV10254,Chevrolet,2012,295508.0,1.5,144.0,Electric,Manual,4,2,2.0,Scarborough,5462.0
AV10392,Hyundai,2019,117576.0,1.9,206.0,Gasoline,Automatic,4,2,1.0,Brampton,
AV10355,Chevrolet,2006,314209.0,1.0,143.0,Gasoline,Automatic,4,1,3.0,Vaughan,1800.0
AV10008,Chevrolet,2020,93092.0,1.7,183.0,Electric,Manual,4,2,2.0,Vaughan,17796.0
AV10156,BMW,2010,121284.0,1.7,180.0,Gas,Automatic,4,2,0.0,Toronto,8657.0
AV10027,BMW,2011,298978.0,2.3,242.0,Hybrid,Automatic,4,2,2.0,Markham,8932.0
AV10266,Honda,2005,220849.0,1.4,149.0,Gasoline,Automatic,4,1,0.0,Markham,4896.0
AV10314,Volkswagen,2019,72225.0,2.1,247.0,Gasoline,Automatic,4,1,1.0,Markham,16291.0
AV10064,BMW,2008,319485.0,,236.0,Gasoline,Automatic,4,4,1.0,Brampton,9735.0
AV10255,Chevrolet,2023,23362.0,1.6,223.0,Gasoline,Automatic,4,2,0.0,Vaughan,27045.0
AV10337,Nissan,2007,411738.0,1.2,127.0,Gasoline,Automatic,2,6,0.0,Vaughan,1819.0
AV10153,BMW,2010,138883.0,1.8,196.0,Gasoline,Auto ,4,1,,Brampton,7508.0
AV10048,Hyundai,2016,156970.0,2.3,246.0,petrol,Automatic,4,2,1.0,Mississauga,10221.0
AV10208,BMW,2015,,2.5,296.0,hybrid,Automatic,4,3,,Toronto,18795.0
AV10287,Nissan,2008,360524.0,2.1,222.0,Diesel,Automatic,4,3,,Mississauga,5650.0
AV10001,Nissan,2009,326974.0,2.2,169.0,Hybrid,Automatic,2,3,0.0,Mississauga,7222.0
AV10269,Toyota,2011,326117.0,1.5,207.0,Gasoline,Automatic,4,1,1.0,Vaughan,8437.0
AV10265,Ford,2022,58058.0,2.0,227.0,Gasoline,Automatic,4,2,0.0,Scarborough,23310.0
AV10347,Toyota,2007,312450.0,,229.0,Gasoline,Automatic,4,1,0.0,Toronto,5817.0
AV10354,Ford,2021,103137.0,1.5,169.0,Gasoline,Automatic,4,2,0.0,Markham,17467.0
AV10095,Honda,2005,413254.0,1.5,157.0,Hybrid,Automatic,2,5,1.0,Mississauga,1807.0
AV10490,Toyota,2017,103757.0,2.0,199.0,GASOLINE,Automatic,4,3,1.0,Toronto,11253.0
AV10042,Nissan,2013,179756.0,1.8,207.0,Hybrid,Automatic,4,3,0.0,Mississauga,10873.0
AV10336,Chevrolet,2010,287444.0,1.8,181.0,Gasoline,Automatic,4,5,0.0,Scarborough,5718.0
AV10116,Hyundai,2021,52360.0,1.2,179.0,Hybrid,auto,2,3,0.0,Toronto,20023.0
AV10045,Toyota,2019,100534.0,1.1,146.0,EV,Manual,4,2,2.0,Mississauga,14388.0
AV10161,BMW,2022,50358.0,2.3,198.0,Gasoline,Manual,4,2,0.0,Mississauga,27964.0
AV10408,Honda,2020,79731.0,1.0,119.0,Gasoline,Automatic,4,2,1.0,Brampton,15046.0
AV10117,Volkswagen,2010,143098.0,1.5,95.0,Gasoline,Automatic,4,1,,Mississauga,1885.0
AV10288,Hyundai,2013,78810.0,1.5,219.0,Hybrid,Automatic,4,1,2.0,Toronto,10968.0
AV10077,Ford,2007,299210.0,1.4,136.0,Diesel,Manual,4,6,,Brampton,2042.0
AV10440,Ford,2010,254341.0,1.9,177.0,Gasoline,Automatic,4,4,2.0,Markham,3123.0
AV10063,Nissan,2023,33709.0,1.7,177.0,Diesel,Manual,2,3,2.0,Markham,22710.0
AV10338,Chevrolet,2017,134643.0,1.6,182.0,Gasoline,Automatic,4,3,2.0,Scarborough,10024.0
AV10416,Hyundai,2015,192949.0,2.1,,Gasoline,Automatic,2,2,0.0,Toronto,8698.0
AV10412,BMW,2006,237077.0,1.9,,Hybrid,Automatic,4,3,0.0,Scarborough,8959.0
AV10230,Volkswagen,2009,,1.6,183.0,Hybrid,Automatic,4,2,1.0,Scarborough,6932.0
AV10297,BMW,2018,157852.0,1.3,206.0,Gasoline,Automatic,2,4,1.0,Toronto,19537.0
AV10186,Ford,2017,90838.0,1.4,143.0,hybrid,Automatic,4,3,0.0,Vaughan,10881.0
AV10359,Volkswagen,2022,68546.0,1.0,,Gasoline,Automatic,4,2,0.0,Mississauga,19258.0
AV10199,Nissan,2015,196339.0,1.5,175.0,Gasoline,AUTOMATIC,4,2,2.0,Vaughan,7764.0
AV10364,Nissan,2017,121048.0,1.6,123.0,Gasoline,Automatic,4,2,0.0,Vaughan,12454.0
AV10121,Honda,2016,126285.0,1.5,198.0,Gasoline,Automatic,4,2,0.0,Toronto,10827.0
AV10496,Honda,2005,355952.0,1.4,138.0,Gasoline,Manual,2,2,,Markham,3997.0
AV10459,Nissan,2017,111082.0,1.7,163.0,Diesel,Manual,4,3,0.0,Vaughan,12316.0
AV10307,Ford,2019,90884.0,1.4,158.0,Electric,Automatic,2,5,0.0,Vaughan,15846.0
AV10489,Honda,2007,277861.0,1.5,145.0,Gasoline,Automatic,4,2,2.0,Markham,1800.0
AV10158,Nissan,2017,125915.0,2.2,201.0,Diesel,Automatic,4,3,0.0,Toronto,16014.0
AV10085,Ford,2021,89154.0,1.7,178.0,Hybrid,Automatic,2,1,0.0,Vaughan,21328.0
AV10225,Nissan,2007,339305.0,1.7,172.0,Gasoline,Automatic,4,1,0.0,Markham,4595.0
AV10262,Toyota,2007,265544.0,2.0,180.0,Hybrid,Automatic,4,3,1.0,Scarborough,8803.0
AV10331,BMW,2005,278989.0,2.0,218.0,Diesel,Automatic,4,2,0.0,Toronto,7921.0
AV10426,Ford,2023,47915.0,1.3,133.0,Gasoline,Automatic,4,4,0.0,Scarborough,23886.0
AV10076,Nissan,2008,316343.0,1.6,,Electric,Automatic,4,1,1.0,Brampton,6134.0
AV10413,BMW,2007,110190.0,2.6,273.0,Gasoline,Automatic,4,4,0.0,Scarborough,10206.0
AV10397,Nissan,2008,247071.0,1.7,175.0,Hybrid,Automatic,4,3,0.0,Markham,4890.0
AV10087,Hyundai,2019,127901.0,1.2,128.0,petrol,Automatic,4,1,0.0,Mississauga,12549.0
AV10480,Chevrolet,2018,145798.0,1.9,202.0,diesel ,Automatic,4,3,1.0,Brampton,13622.0
AV10182,Toyota,2018,175016.0,1.3,174.0,Gasoline,Automatic,4,2,1.0,Toronto,12714.0
AV10105,Toyota,2013,223357.0,1.6,175.0,Hybrid,Manual,4,3,1.0,Brampton,8070.0
AV10424,Nissan,2016,167228.0,1.9,174.0,Hybrid,Automatic,4,4,1.0,Vaughan,10823.0
AV10049,Ford,2007,166633.0,1.0,95.0,Diesel,Automatic,4,1,0.0,Mississauga,2111.0
AV10404,Toyota,2020,103871.0,2.0,189.0,Gasoline,man,4,1,0.0,Markham,20469.0
AV10005,Hyundai,2021,69070.0,2.4,256.0,Gasoline,Automatic,4,1,0.0,Scarborough,19125.0
AV10017,Ford,2018,142609.0,1.5,175.0,Electric,auto,4,3,0.0,Markham,14719.0
AV10234,Hyundai,2008,311329.0,1.0,,Diesel,Automatic,4,3,0.0,Mississauga,1835.0
AV10472,Ford,2008,175327.0,1.4,180.0,Hybrid,Automatic,4,3,2.0,Toronto,5313.0
AV10372,Honda,2018,43177.0,1.0,95.0,Gasoline,Manual,4,5,2.0,Vaughan,8245.0
AV10422,Hyundai,2010,357339.0,1.8,171.0,DSL,Manual,4,3,0.0,Vaughan,4324.0
AV10106,Chevrolet,2022,72606.0,1.2,183.0,Gasoline,Manual,4,3,0.0,Brampton,21643.0
AV10134,Ford,2015,233563.0,1.6,161.0,Gasoline,Automatic,2,2,1.0,Scarborough,5821.0
AV10429,Honda,2021,89298.0,1.9,198.0,Gasoline,Automatic,4,3,0.0,Vaughan,21906.0
AV10226,Volkswagen,2020,94460.0,1.9,188.0,Gasoline,Automatic,4,2,1.0,Toronto,15251.0
AV10214,Chevrolet,2017,178866.0,1.8,264.0,Gasoline,Automatic,4,3,1.0,Toronto,15344.0
AV10190,Toyota,2011,200874.0,1.3,95.0,Gasoline,Automatic,4,4,0.0,Vaughan,3336.0
AV10470,Honda,2020,74979.0,1.4,95.0,Gasoline,Automatic,4,1,0.0,Toronto,17121.0
AV10320,Hyundai,2019,100489.0,,101.0,Hybrid,Automatic,4,4,3.0,Vaughan,11938.0
AV10282,Toyota,2018,73200.0,1.5,142.0,Gasoline,Manual,4,3,,Markham,12523.0
AV10029,Toyota,2006,390228.0,1.7,176.0,Gasoline,Automatic,4,2,0.0,Vaughan,6108.0
AV10169,Volkswagen,2013,,,179.0,Gasoline,Automatic,4,2,1.0,Scarborough,8022.0
AV10180,Ford,2010,350120.0,1.7,187.0,Gasoline,Automatic,4,1,0.0,Vaughan,8143.0
AV10100,Hyundai,2009,227858.0,2.1,204.0,Gasoline,Automatic,4,2,0.0,Scarborough,6937.0
AV10197,Ford,2020,81130.0,1.8,212.0,Gasoline,Automatic,4,2,2.0,Toronto,15100.0
AV10209,Toyota,2021,78848.0,2.1,223.0,Electric,Automatic,4,2,2.0,Scarborough,21245.0
AV10135,Volkswagen,2007,291812.0,1.6,234.0,Gasoline,Automatic,4,1,1.0,Toronto,3468.0
AV10501,Nissan,2011,223999.0,1.0,95.0,Gas,Automatic,4,1,2.0,Toronto,3509.0
AV10457,BMW,2007,273852.0,2.2,256.0,Gasoline,Automatic,4,1,2.0,Mississauga,6523.0
AV10198,Nissan,2007,217321.0,1.6,156.0,Hybrid,AUTOMATIC,4,2,2.0,Vaughan,4638.0
AV10373,Volkswagen,2016,119983.0,1.4,185.0,Hybrid,Automatic,4,1,0.0,Vaughan,11278.0
AV10166,Honda,2010,241529.0,1.8,195.0,Hybrid,Automatic,4,4,0.0,Toronto,5759.0
AV10410,Chevrolet,2019,103782.0,1.0,115.0,Hybrid,Automatic,4,2,0.0,Scarborough,16468.0
AV10136,Honda,2009,181241.0,1.5,189.0,Diesel,Automatic,4,2,0.0,Vaughan,7233.0
AV10285,Honda,2018,103143.0,2.1,213.0,Gasoline,Automatic,4,1,1.0,Vaughan,15919.0
AV10335,Hyundai,2021,,1.5,153.0,diesel ,Manual,4,6,0.0,Scarborough,15837.0
AV10396,Chevrolet,2007,352649.0,1.8,207.0,Diesel,Automatic,2,3,0.0,Mississauga,5273.0
AV10131,Hyundai,2022,67021.0,1.6,168.0,Hybrid,Automatic,4,2,1.0,Markham,22326.0
AV10039,BMW,2005,358199.0,1.8,252.0,Gasoline,Automatic,4,3,0.0,Vaughan,6005.0
AV10215,Toyota,2014,267122.0,2.0,132.0,Gasoline,Auto ,2,3,,Mississauga,6543.0
AV10043,Chevrolet,2006,267893.0,1.3,231.0,Gasoline,Automatic,4,1,1.0,Vaughan,5096.0
AV10054,Hyundai,2008,225523.0,1.5,169.0,Gasoline,Automatic,4,3,0.0,Toronto,4174.0
AV10505,Hyundai,2007,407770.0,2.0,169.0,Gasoline,Automatic,4,4,1.0,Mississauga,3870.0
AV10299,Honda,2010,,2.3,,gas,Automatic,4,3,0.0,Brampton,6033.0
AV10485,Hyundai,2005,314815.0,1.0,110.0,Gasoline,Automatic,4,4,0.0,Mississauga,1832.0
AV10304,Hyundai,2022,57589.0,1.8,155.0,Gasoline,Automatic,2,3,,Mississauga,22697.0
AV10035,Hyundai,2020,88207.0,1.5,146.0,Gasoline,Automatic,4,2,2.0,Brampton,16628.0
AV10315,Nissan,2016,97474.0,2.0,241.0,Gasoline,Automatic,4,2,0.0,Brampton,13451.0
AV10399,Toyota,2023,34040.0,1.7,230.0,Hybrid,Automatic,4,2,1.0,Markham,30424.0
AV10309,Toyota,2007,336692.0,2.3,,Hybrid,Automatic,4,2,1.0,Scarborough,4026.0
AV10276,Ford,2006,224700.0,1.5,180.0,Gasoline,Automatic,4,3,0.0,Scarborough,6315.0
AV10124,Honda,2010,168655.0,1.6,198.0,Diesel,Automatic,4,2,1.0,Mississauga,6273.0
AV10142,Honda,2007,343839.0,2.0,183.0,Gasoline,Automatic,4,3,2.0,Scarborough,1892.0
AV10110,Toyota,2015,153994.0,1.0,132.0,Gasoline,Automatic,4,4,1.0,Mississauga,8766.0
AV10323,Toyota,2013,146589.0,1.4,154.0,Gasoline,Automatic,4,3,,Toronto,8667.0
AV10332,BMW,2009,352093.0,2.5,269.0,Gasoline,Auto ,4,3,0.0,Vaughan,9506.0
AV10393,Honda,2023,46045.0,1.0,95.0,Gasoline,Automatic,4,2,3.0,Vaughan,19775.0
AV10466,Hyundai,2008,184481.0,2.2,204.0,Gasoline,Automatic,4,2,1.0,Mississauga,4027.0
AV10107,Hyundai,2022,32073.0,1.7,196.0,Gasoline,Automatic,4,3,0.0,Toronto,20345.0
AV10473,Chevrolet,2007,,1.1,191.0,Gasoline,Automatic,2,2,0.0,Markham,5739.0
AV10012,BMW,2017,187879.0,1.6,187.0,Gas,Manual,4,3,0.0,Markham,16369.0
AV10272,BMW,2014,206827.0,2.3,,Hybrid,Manual,4,2,0.0,Brampton,16517.0
AV10047,Toyota,2023,41429.0,1.5,184.0,Hybrid,Manual,4,3,0.0,Markham,29173.0
AV10203,Toyota,2023,33823.0,,189.0,Diesel,Automatic,4,1,0.0,Brampton,28871.0
AV10454,Toyota,2017,158066.0,1.0,140.0,Gas,Automatic,4,5,0.0,Toronto,10878.0
AV10119,Ford,2008,332722.0,1.4,157.0,Diesel,Auto ,4,2,0.0,Mississauga,4531.0
AV10021,Ford,2019,60775.0,2.4,259.0,Gasoline,Automatic,4,2,0.0,Mississauga,16014.0
AV10402,Volkswagen,2011,236658.0,1.2,177.0,Hybrid,Automatic,4,5,1.0,Scarborough,5809.0
AV10434,Chevrolet,2018,132520.0,1.4,150.0,Diesel,Manual,4,2,0.0,Brampton,12872.0
AV10083,Honda,2012,187353.0,1.5,203.0,Gasoline,Auto ,4,2,0.0,Vaughan,6623.0
AV10130,Toyota,2016,85709.0,1.2,,Gasoline,Automatic,4,3,0.0,Mississauga,10664.0
AV10474,Hyundai,2005,,1.7,206.0,gas,Automatic,4,4,0.0,Vaughan,3332.0
AV10511,Toyota,2010,118930.0,1.0,121.0,Hybrid,Automatic,4,2,0.0,Markham,6191.0
AV10329,Volkswagen,2023,61884.0,1.7,204.0,Gasoline,Automatic,4,2,0.0,Scarborough,26188.0
AV10229,Ford,2015,185603.0,1.9,214.0,Diesel,Automatic,4,2,1.0,Toronto,7596.0
AV10518,BMW,2013,179792.0,,131.0,Diesel,Automatic,4,2,0.0,Brampton,9114.0
AV10286,Honda,2009,323138.0,2.3,232.0,Gasoline,Automatic,4,2,0.0,Vaughan,8192.0
AV10123,Volkswagen,2017,168526.0,1.8,201.0,Diesel,Manual,4,3,1.0,Toronto,11438.0
AV10033,Honda,2005,269674.0,2.2,184.0,Diesel,Automatic,4,1,0.0,Mississauga,5270.0
AV10503,Volkswagen,2006,473742.0,2.1,223.0,Gasoline,Automatic,4,2,0.0,Vaughan,5961.0
AV10004,Toyota,2020,85427.0,1.3,161.0,Gasoline,Automatic,4,2,0.0,Scarborough,17417.0
AV10411,Honda,2006,247005.0,1.1,147.0,Electric,Automatic,2,2,0.0,Markham,6094.0
AV10019,Toyota,2005,190854.0,1.4,173.0,Gasoline,Automatic,4,1,0.0,Vaughan,9311.0
AV10219,Chevrolet,2022,59957.0,1.6,166.0,Gasoline,Automatic,4,1,0.0,Vaughan,23045.0
AV10379,Ford,2018,101669.0,2.5,237.0,Diesel,Automatic,4,3,,Brampton,16689.0
AV10067,Chevrolet,2011,,1.3,144.0,Diesel,Automatic,4,3,0.0,Markham,4217.0
AV10419,Nissan,2015,33473.0,1.3,164.0,Diesel,Automatic,4,2,0.0,Brampton,8759.0
AV10356,Honda,2013,171412.0,1.5,185.0,Gasoline,Automatic,4,2,1.0,Mississauga,9276.0
AV10149,Ford,2019,70181.0,1.7,199.0,Diesel,Manual,4,3,0.0,Toronto,16309.0
AV10224,Ford,2009,190189.0,1.8,185.0,Hybrid,Manual,4,2,0.0,Markham,10160.0
AV10247,Nissan,2019,168193.0,1.3,119.0,Electric,Automatic,4,4,0.0,Markham,14355.0
AV10471,BMW,2013,,2.2,246.0,Gasoline,Automatic,4,1,0.0,Mississauga,11781.0
AV10151,Ford,2010,219547.0,1.8,179.0,Gasoline,Automatic,4,6,0.0,Toronto,6767.0
AV10510,Nissan,2022,62137.0,1.4,138.0,Diesel,Automatic,4,1,0.0,Toronto,23024.0
AV10317,Honda,2019,88026.0,1.7,195.0,Electric,Automatic,4,1,0.0,Toronto,21693.0
AV10491,Chevrolet,2008,183022.0,1.9,188.0,Hybrid,Automatic,2,3,0.0,Brampton,2741.0
AV10291,Nissan,2005,,1.4,175.0,Gasoline,AUTOMATIC,4,2,0.0,Markham,6423.0
AV10233,Toyota,2017,118909.0,1.9,149.0,Hybrid,Automatic,2,3,,Markham,10626.0
AV10010,Honda,2014,,1.7,,Gasoline,Automatic,2,2,0.0,Mississauga,8717.0
AV10279,Nissan,2019,57452.0,1.8,195.0,Gasoline,Manual,4,2,0.0,Brampton,15048.0
AV10071,Volkswagen,2009,306524.0,1.8,167.0,Gasoline,Automatic,4,1,0.0,Markham,5782.0
AV10252,Ford,2012,206076.0,1.5,163.0,Electric,Manual,4,3,2.0,Scarborough,9130.0
AV10092,Toyota,2015,129073.0,1.5,190.0,Electric,Automatic,4,3,0.0,Scarborough,14583.0
AV10509,BMW,2017,106326.0,2.2,276.0,petrol,Automatic,4,1,2.0,Brampton,16567.0
AV10349,Hyundai,2017,160049.0,1.3,145.0,Gasoline,Automatic,4,2,0.0,Mississauga,8999.0
AV10415,Ford,2016,154695.0,1.9,218.0,Gasoline,Automatic,4,1,0.0,Mississauga,10841.0
AV10374,Toyota,2016,164746.0,1.4,127.0,Gasoline,Automatic,4,2,0.0,Brampton,12751.0
AV10400,Volkswagen,2012,202686.0,2.0,,Gasoline,Manual,4,2,0.0,Markham,9847.0
AV10192,Toyota,2007,258944.0,1.0,125.0,Gasoline,Manual,4,3,0.0,Scarborough,3960.0
AV10257,Ford,2019,78704.0,,186.0,Hybrid,Automatic,4,3,0.0,Vaughan,16690.0
AV10512,Ford,2010,324427.0,1.4,181.0,Gasoline,Automatic,4,3,0.0,Brampton,5290.0
AV10339,Hyundai,2014,,2.5,229.0,Diesel,Automatic,4,4,1.0,Vaughan,11371.0
AV10072,Toyota,2017,113022.0,1.3,164.0,Gasoline,Automatic,4,3,0.0,Scarborough,12189.0
AV10195,Chevrolet,2008,217518.0,1.5,175.0,Gasoline,Automatic,4,2,0.0,Vaughan,4959.0
AV10343,Ford,2010,218748.0,2.1,193.0,Gasoline,Auto ,4,3,0.0,Vaughan,10155.0
AV10137,Toyota,2005,171503.0,2.0,243.0,Gasoline,Automatic,2,2,,Brampton,8805.0
AV10260,Nissan,2018,104808.0,1.6,154.0,Gasoline,Automatic,4,2,0.0,Brampton,12106.0
AV10038,Toyota,2020,63319.0,1.5,129.0,Gasoline,Manual,4,2,2.0,Toronto,15447.0
AV10462,Honda,2020,77070.0,2.2,247.0,Gasoline,Automatic,4,3,0.0,Markham,20357.0
AV10201,Toyota,2009,,1.7,,Hybrid,Automatic,4,3,0.0,Mississauga,5288.0
AV10498,BMW,2018,81633.0,1.0,120.0,Diesel,auto,4,1,0.0,Vaughan,
AV10290,Volkswagen,2017,101224.0,1.0,107.0,Diesel,Automatic,4,1,0.0,Brampton,8229.0
AV10448,Volkswagen,2020,135348.0,1.6,162.0,Gasoline,Manual,4,2,2.0,Brampton,15752.0
AV10189,Volkswagen,2016,213700.0,1.8,160.0,Diesel,Automatic,4,3,,Scarborough,10404.0
AV10251,Honda,2013,141036.0,1.6,170.0,Hybrid,manual,4,2,0.0,Scarborough,9150.0
AV10112,Volkswagen,2022,41292.0,1.7,178.0,Gasoline,Automatic,4,1,0.0,Markham,23282.0
AV10437,Toyota,2017,222516.0,2.0,170.0,Diesel,Automatic,4,1,2.0,Brampton,9741.0
AV10183,Honda,2019,88870.0,1.1,95.0,Gasoline,Auto ,4,1,0.0,Mississauga,12875.0
AV10152,Hyundai,2020,134578.0,1.6,129.0,Gasoline,Automatic,4,5,1.0,Mississauga,11755.0
AV10312,Toyota,2016,156636.0,2.0,241.0,Gasoline,Automatic,4,4,0.0,Brampton,14522.0
AV10325,Toyota,2019,138036.0,2.1,201.0,Gasoline,Automatic,4,2,1.0,Toronto,16460.0
AV10191,Nissan,2012,237133.0,1.2,163.0,GASOLINE,AUTOMATIC,4,3,1.0,Brampton,5815.0
AV10044,Honda,2018,131305.0,1.8,175.0,Gasoline,Automatic,4,1,0.0,Toronto,16183.0
AV10444,Volkswagen,2018,164503.0,,122.0,Hybrid,Manual,4,1,0.0,Toronto,12291.0
AV10275,Hyundai,2022,58331.0,1.4,95.0,Gasoline,Automatic,4,1,0.0,Brampton,19581.0
AV10006,Ford,2011,299145.0,1.0,95.0,Hybrid,Automatic,4,2,0.0,Scarborough,6565.0
AV10250,Hyundai,2011,137942.0,1.4,199.0,Gasoline,Automatic,4,1,0.0,Brampton,8686.0
AV10311,Toyota,2010,301747.0,1.2,125.0,Gasoline,Manual,4,3,1.0,Vaughan,2144.0
AV10075,Honda,2021,77431.0,1.0,129.0,Diesel,Automatic,4,1,1.0,Markham,19545.0
AV10000,Chevrolet,2019,115969.0,2.0,221.0,Gasoline,Manual,2,2,1.0,Toronto,16605.0
AV10428,Toyota,2023,68942.0,1.6,186.0,Electric,Automatic,4,3,0.0,Vaughan,28193.0
AV10391,Volkswagen,2022,29805.0,1.5,204.0,HEV,Manual,3,1,0.0,Scarborough,26553.0
AV10383,Chevrolet,2022,71847.0,1.7,246.0,GASOLINE,Automatic,4,3,,Brampton,23300.0
AV10432,Toyota,2008,396604.0,,138.0,Electric,Automatic,2,3,0.0,Scarborough,3028.0
AV10068,Honda,2010,386898.0,1.0,185.0,Gasoline,STD,4,2,0.0,Markham,7615.0
AV10167,Chevrolet,2008,336312.0,1.8,187.0,Gasoline,Automatic,4,3,0.0,Mississauga,5244.0
AV10366,Chevrolet,2020,137906.0,1.5,173.0,Gasoline,Automatic,4,2,2.0,Vaughan,14879.0
AV10345,BMW,2020,106553.0,2.2,241.0,Hybrid,Automatic,2,3,0.0,Toronto,26350.0
AV10398,Ford,2021,72646.0,2.0,197.0,GASOLINE,Automatic,4,6,1.0,Markham,19123.0
AV10185,Honda,2022,67070.0,2.1,241.0,Gasoline,Manual,2,2,0.0,Markham,25502.0
AV10348,Hyundai,2020,78454.0,1.8,174.0,Gasoline,Manual,2,3,0.0,Toronto,16685.0
AV10211,Chevrolet,2012,256778.0,1.0,95.0,Gasoline,manual,2,2,,Markham,6195.0
AV10502,Honda,2017,140553.0,1.4,,Hybrid,Automatic,4,1,,Mississauga,14035.0
AV10196,BMW,2023,41922.0,2.7,266.0,petrol,AUTOMATIC,2,2,,Toronto,35318.0
AV10175,Hyundai,2010,325960.0,,209.0,Gasoline,Automatic,4,3,0.0,Markham,7476.0
